{"eces_scaled": [0.06272538152337073, 0.0444193890307099, 0.03893273691423236, 0.04651501409932972, 0.04720715770497919, 0.04908039617277681, 0.04456076231859626, 0.03624026213362812, 0.053820694203674795, 0.05084250179007649, 0.04508704809881743, 0.04180272998884319, 0.04727247417829934, 0.04935663444437088, 0.048778687105327845, 0.04303134332820774, 0.03905794762670996, 0.050071601988375146, 0.04505222008228302], "mces_scaled": [0.12572125058339578, 0.16103250473062586, 0.10919002646092071, 0.13836745240471582, 0.13540484840513897, 0.14684303806695553, 0.15401614083734394, 0.13167516307323768, 0.16354841002995085, 0.14608086539564957, 0.14401711060831773, 0.14919038235463877, 0.14680450746457868, 0.19630305670298537, 0.13431855697348444, 0.14920538545287254, 0.14369954390249562, 0.13261353004077248, 0.10416480389836741], "accs_scaled": [0.7416, 0.8472, 0.8454, 0.8393, 0.8463, 0.8418, 0.8407, 0.8453, 0.8486, 0.8198, 0.8243, 0.8339, 0.8284, 0.8365, 0.8361, 0.8304, 0.8323, 0.8205, 0.7822], "eces": [0.05309199597686528, 0.05293288806598295, 0.04487967484705155, 0.047327348015549, 0.052783112981176966, 0.05436430665325843, 0.05509505246264158, 0.05769442502654393, 0.043524343315118896, 0.06831750193786353, 0.05074592462703589, 0.050676554298400914, 0.04450808278843768, 0.052265860609710196, 0.05374936559925391, 0.05373949704348598, 0.05583495970028188, 0.05494920655314545, 0.07263469665568997], "mces": [0.10787920624063496, 0.1859105667828458, 0.12886030002876558, 0.12215258983465349, 0.14532080455259844, 0.1666472227630501, 0.17323476915628144, 0.17666092976840608, 0.15371482343860965, 0.20899345386359425, 0.1600004714411991, 0.13497120259366358, 0.11625131685073642, 0.14113592041288692, 0.13298677557085192, 0.1513975885204928, 0.15944707048711954, 0.15313528665427956, 0.9053456112742424], "accs": [0.7416, 0.8472, 0.8458, 0.8394, 0.8461, 0.8418, 0.8406, 0.8452, 0.8487, 0.8198, 0.8246, 0.8339, 0.8283, 0.8364, 0.8358, 0.8304, 0.8325, 0.8203, 0.7822], "temps": [1.4339752197265625, 1.6654634475708008, 1.5411652326583862, 1.5624144077301025, 1.6681004762649536, 1.6660138368606567, 1.6559579372406006, 1.6367682218551636, 1.6323448419570923, 1.743632435798645, 1.5240358114242554, 1.5344878435134888, 1.485451579093933, 1.5946599245071411, 1.6105248928070068, 1.5421000719070435, 1.5470011234283447, 1.5905532836914062, 1.5858159065246582]}