{"eces_scaled": [0.1037801475007087, 0.042766895538941065, 0.041175826424732775, 0.03965486883074041, 0.041486533096060145, 0.04123982951380316, 0.038248181517794716, 0.046699323944002384, 0.039074256075918704, 0.02635317145958547, 0.03683844860941172, 0.037668044902011776, 0.04089835727512843, 0.03858248480111359, 0.04177875609546902, 0.024222895776480464, 0.02906780772171915, 0.0369364963427186, 0.02240337748527523], "mces_scaled": [0.1831286697071573, 0.11849142291716164, 0.11281661821736227, 0.10073935302595297, 0.10205684690491149, 0.12543971256114717, 0.09605074049904941, 0.11445844066994526, 0.11263350641026215, 0.08142667799665215, 0.11360311381360316, 0.11167219613435458, 0.104949951171875, 0.09987823228570508, 0.10623112675403393, 0.1284697417056922, 0.07691445896643723, 0.12082314566880398, 0.08531440095975995], "accs_scaled": [0.7167, 0.8316, 0.83, 0.8147, 0.8287, 0.8297, 0.8172, 0.8164, 0.8308, 0.8146, 0.8218, 0.8157, 0.8051, 0.8197, 0.8212, 0.8097, 0.8194, 0.8214, 0.7854], "eces": [0.02078594669550659, 0.04583224164806306, 0.03833793418630964, 0.03918046739473937, 0.049585607305914145, 0.04388680258095265, 0.049866858044266736, 0.0546950152561069, 0.045236805987358075, 0.05815148393213747, 0.0456457564648241, 0.03683834535181525, 0.03721824252307417, 0.05147909391000867, 0.04594567296355956, 0.048538740640133665, 0.046810120427608494, 0.04028586610853668, 0.05590163606964053], "mces": [0.09264598041772842, 0.13062349994690414, 0.09760796658225124, 0.10402738090072361, 0.13522233285510876, 0.580520287156105, 0.12021703129242245, 0.12311847606019066, 0.12892495422828487, 0.1438766952837196, 0.12691475242436778, 0.08811751779427957, 0.09650053065629016, 0.14940766739161637, 0.24864765753348667, 0.13597358780980906, 0.25574746976296103, 0.08920980872060791, 0.13402160286697495], "accs": [0.7164, 0.8315, 0.8302, 0.8148, 0.829, 0.8295, 0.8172, 0.8161, 0.8308, 0.8149, 0.8216, 0.8158, 0.8052, 0.8198, 0.8212, 0.8094, 0.8195, 0.8215, 0.7856], "temps": [1.3830550909042358, 1.535804271697998, 1.4469878673553467, 1.414807677268982, 1.5531141757965088, 1.495174527168274, 1.5056874752044678, 1.5733065605163574, 1.5069350004196167, 1.5096361637115479, 1.4490678310394287, 1.3613966703414917, 1.3745167255401611, 1.4990791082382202, 1.4711514711380005, 1.3717151880264282, 1.4092923402786255, 1.4186676740646362, 1.3907790184020996]}