{"eces_scaled": [0.05588134241960942, 0.007623216267302635, 0.013755105013772882, 0.008640652564540505, 0.009940378261730099, 0.011176156319305294, 0.010267354642599844, 0.005706897918879967, 0.009738249820098252, 0.020274333574622896, 0.009673638063296687, 0.015550072929263144, 0.011694664434716123, 0.012470336047559958, 0.012224032231047765, 0.012039471137523676, 0.012506073815375558, 0.0077267811883241, 0.025169947601854814], "mces_scaled": [0.10364830861057062, 0.047348877701621786, 0.04934789672277978, 0.04111011023363792, 0.0276461583163057, 0.038338131339367254, 0.08625902787402824, 0.03417076020934509, 0.08433920538259877, 0.05177989850770559, 0.049863602709153604, 0.04272397173024289, 0.031539816721793124, 0.07170440326444805, 0.029945727124923993, 0.13383745596460672, 0.027734749380824653, 0.08211867986568089, 0.0721762775623182], "accs_scaled": [0.648, 0.7573, 0.7537, 0.741, 0.7499, 0.7466, 0.7449, 0.754, 0.7543, 0.7279, 0.7467, 0.7427, 0.7301, 0.7378, 0.7364, 0.7386, 0.7476, 0.7492, 0.7161], "eces": [0.029628258146345645, 0.07178765114694834, 0.05087317515462639, 0.06466276327760015, 0.06640550757497551, 0.07205845285579564, 0.06457460078820593, 0.06853243926167488, 0.07218737982288001, 0.09061454908996822, 0.06859275659471749, 0.04175509586967527, 0.0639191971644759, 0.06129404364451764, 0.07024250221773978, 0.05352890736311669, 0.054952531114965696, 0.05964658091217282, 0.07254488076344127], "mces": [0.05746564575798785, 0.1474741258412925, 0.14332392124029308, 0.12212812293390307, 0.13590412446141498, 0.1663869454860688, 0.1239528138365521, 0.13149645638898244, 0.14871840689393034, 0.17208312170373063, 0.16067097706297423, 0.09409925619868686, 0.13537805179321094, 0.11359814546726366, 0.17242951697316655, 0.16257670149207115, 0.10897537087260534, 0.11997573397546535, 0.13572733768761347], "accs": [0.6486, 0.7577, 0.7535, 0.7409, 0.7502, 0.7465, 0.745, 0.7542, 0.7541, 0.7277, 0.7466, 0.7427, 0.7302, 0.7379, 0.7364, 0.7384, 0.748, 0.7491, 0.7158], "temps": [1.2571589946746826, 1.3497483730316162, 1.2296178340911865, 1.3134119510650635, 1.3088268041610718, 1.3398003578186035, 1.2949963808059692, 1.3391700983047485, 1.329831600189209, 1.344916582107544, 1.2821557521820068, 1.135667324066162, 1.2743337154388428, 1.275850772857666, 1.3125070333480835, 1.2021629810333252, 1.254854679107666, 1.2721421718597412, 1.2150006294250488]}