{"eces_scaled": [0.045192232968658215, 0.027939903618395327, 0.04185029160566629, 0.03141984294913706, 0.0354274609051645, 0.035009732532873705, 0.03478251816444098, 0.025461392189934866, 0.022192281640693534, 0.046508014347404245, 0.030184046607837085, 0.03500218230150642, 0.02939553340300917, 0.03277349516041574, 0.034816187547147284, 0.02586556256897747, 0.03629235728792849, 0.03156604679487643, 0.04799356767386197], "mces_scaled": [0.10522852317630071, 0.04849093057551879, 0.0801698227962816, 0.05908363810436201, 0.08619506003983401, 0.07865250448010996, 0.08204849225651356, 0.06187380452854441, 0.0485127792213903, 0.08738989568135846, 0.0678660814936568, 0.06893901720058337, 0.0653267849564898, 0.06527282898689968, 0.07501831246634671, 0.06413219552202598, 0.07533421093217729, 0.06142829174133391, 0.08423829053577625], "accs_scaled": [0.6037, 0.6441, 0.6382, 0.6353, 0.6451, 0.641, 0.6376, 0.6399, 0.6311, 0.6229, 0.6314, 0.6199, 0.6167, 0.6295, 0.632, 0.6314, 0.6275, 0.6343, 0.5893], "eces": [0.14666334418021143, 0.11039390041865409, 0.09150352077223363, 0.06920384282767772, 0.08940533172152938, 0.050588198926299795, 0.1269420839345083, 0.11727361132130025, 0.12853001640774306, 0.12018463708162308, 0.15215048550851648, 0.13675409939549862, 0.10545495390743019, 0.12193099891506136, 0.08748019279018046, 0.17112558057829735, 0.14916066727358848, 0.1613207104232162, 0.128339483936131], "mces": [0.20689412850158417, 0.15717976178878396, 0.1495286560726713, 0.11560652549473605, 0.15113462426660085, 0.09958930047438108, 0.19390545993005456, 0.19019280846618936, 0.19496737836934597, 0.1650410170706225, 0.2172816584102586, 0.20009942324744495, 0.1615934333075648, 0.19087314133795114, 0.15575265366850155, 0.23624534796993685, 0.2356145863441394, 0.22879468536526198, 0.17113906440533966], "accs": [0.6045, 0.6439, 0.6384, 0.6348, 0.6448, 0.6409, 0.6378, 0.6403, 0.6313, 0.6228, 0.6316, 0.6201, 0.6165, 0.6298, 0.632, 0.6309, 0.6276, 0.6346, 0.5897], "temps": [0.6433531045913696, 0.7183173894882202, 0.7174246311187744, 0.7762464284896851, 0.7248384356498718, 0.7984927892684937, 0.6782900094985962, 0.7104582786560059, 0.7047626972198486, 0.6911672353744507, 0.6669459939002991, 0.6899879574775696, 0.7378562688827515, 0.7031733989715576, 0.7371542453765869, 0.6542009711265564, 0.6694658994674683, 0.6725588440895081, 0.6648414731025696]}