{"eces_scaled": [0.05274667849615216, 0.06044138672649858, 0.059133714474737656, 0.047622589332982884, 0.05414974100589753, 0.05528373100347818, 0.06049306561723353, 0.056265864861011504, 0.05257734019979836, 0.06596433205157519, 0.05745480878353121, 0.05023662430420518, 0.04723219806030389, 0.05081013452708719, 0.053261831281334174, 0.060211153066530826, 0.052885320233926156, 0.0487726445328444, 0.06796181326657534], "mces_scaled": [0.13584716577015943, 0.12437135726213454, 0.11445370937387156, 0.08956610774229434, 0.09955993053075429, 0.1069785591378376, 0.11346307760331686, 0.11330665227513947, 0.07675121644648109, 0.12505257813656911, 0.10755058749803326, 0.08845437259893874, 0.10245639569050558, 0.09846253425461571, 0.11147146811764441, 0.12689356976112387, 0.11930858031125136, 0.08727715894727417, 0.13151337754613945], "accs_scaled": [0.5808, 0.6763, 0.6614, 0.6591, 0.6764, 0.6664, 0.6742, 0.6773, 0.6684, 0.6588, 0.6663, 0.6517, 0.6543, 0.6732, 0.6624, 0.6659, 0.6682, 0.669, 0.6427], "eces": [0.03605133290588855, 0.0769009719148278, 0.07800469250008465, 0.07809169118478895, 0.07796555887833236, 0.08548806513473392, 0.06564938973374668, 0.07243654199764134, 0.06755061552450065, 0.08231864285580816, 0.06746946764588357, 0.06749156582131982, 0.07113069932684303, 0.06463461229875686, 0.07504703880734742, 0.053736271994933485, 0.06120946884639557, 0.049932682697847466, 0.06288747276887299], "mces": [0.09105836972594261, 0.15823837758002435, 0.2514428239729669, 0.13827875742628015, 0.1411999376999048, 0.15575191248761555, 0.11887330740803836, 0.1495409866052172, 0.10999927434520407, 0.15184174538581008, 0.1238115631253075, 0.12285852838133804, 0.12343035749405884, 0.12722553493536692, 0.13920270060177908, 0.1174640998349541, 0.1307045390878604, 0.09076086493446156, 0.12804067305766553], "accs": [0.5808, 0.6759, 0.6615, 0.6591, 0.6764, 0.6665, 0.6747, 0.6779, 0.6683, 0.6587, 0.666, 0.652, 0.6544, 0.6734, 0.6622, 0.6658, 0.6682, 0.669, 0.6426], "temps": [1.1650538444519043, 1.0631500482559204, 1.0726763010025024, 1.11362624168396, 1.0944398641586304, 1.1189345121383667, 1.0211260318756104, 1.0649328231811523, 1.0559818744659424, 1.0617979764938354, 1.0348047018051147, 1.0625572204589844, 1.0887311697006226, 1.052366018295288, 1.0793702602386475, 0.9774059057235718, 1.0290863513946533, 1.0033358335494995, 0.9830775260925293]}