{"CIFAR100": {"ViT-B-16;laion2b_s34b_b88k": [0.02106725154201282, 0.0417153162833972, 0.02680811420470963, 0.019232940214871146, 0.016734849092716685, 0.0192380882438019, 0.02108242380036844, 0.027457033791858536, 0.013426296886353089, 0.04162429199218751, 0.05949366597088502, 0.0410954482203161, 0.02410310264059841, 0.026561369153339367, 0.03676151490063637, 0.0396802001953125, 0.043075288309148994, 0.029544512939453118], "ViT-L-14;laion2b_s32b_b82k": [0.020145198342603757, 0.03431875409425344, 0.03916831145000879, 0.016427588566395587, 0.025635362922231265, 0.02032680748080485, 0.015763328425420567, 0.021658314779756813, 0.010811181089561894, 0.029105610731450904, 0.049615307446117966, 0.049946356144861856, 0.021633541995826625, 0.029961615422243654, 0.03311139805411245, 0.029698122035801897, 0.03601617678278223, 0.027661737593709275], "ViT-B-32;laion2b_s34b_b79k": [0.009194378001195776, 0.042777100586523766, 0.026455224638825034, 0.022247641743979894, 0.017368366410639925, 0.026794311486805396, 0.01723533460048241, 0.011684917686936391, 0.0076582897800786375, 0.024356519951730708, 0.06562174772164718, 0.03397035235049302, 0.03750816976228873, 0.023370452972503748, 0.04928096313476564, 0.04553490016970448, 0.03309598823668754, 0.027434868950982245], "ViT-B-16;openai": [0.11348629150390625, 0.0879551025390625, 0.0638545969378502, 0.10017174072265626, 0.0910855224609375, 0.10625250244140627, 0.1000756286621094, 0.12159354858398434, 0.09839652099609375, 0.13988742675781246, 0.11191429443359374, 0.09230189208984377, 0.13097091064453129, 0.11891760253906253, 0.12779033203124998, 0.1266951904296875, 0.15827203369140624, 0.13211871337890624], "ViT-L-14;openai": [0.13064229327391966, 0.114687658951442, 0.12572182193189776, 0.09033931173696584, 0.08726846845983709, 0.11710978336647156, 0.11317136717968437, 0.1566837646484375, 0.129786873951067, 0.154925927734375, 0.13645300292968748, 0.12381087057255201, 0.11614337572756203, 0.11797261796109221, 0.16052918701171878, 0.1415942077636719, 0.1814268798828125, 0.15078206176757813], "ViT-B-32;openai": [0.09987539062499998, 0.08154371337890626, 0.06038749829959097, 0.08047337646484373, 0.04181964745253403, 0.11713072509765628, 0.10670332031249999, 0.11884962158203125, 0.10995018310546878, 0.14169854736328125, 0.12618497314453125, 0.09547600267839285, 0.11121018066406249, 0.07816530761718747, 0.16088905029296877, 0.13870819091796874, 0.15092049560546875, 0.11795185546874999], "ViT-B-16;laion400m_e31": [0.025290798122781028, 0.023812642167105276, 0.023169232896694876, 0.01444680743322581, 0.014824403422984809, 0.016457193228854042, 0.017241085411560966, 0.025077452013840283, 0.01245851320926703, 0.030901733398437516, 0.035522387687987544, 0.032681789661776504, 0.02239954198407635, 0.01903985065627192, 0.02287141113281248, 0.028616918945312503, 0.03662783337917582, 0.012556299175047534], "ViT-L-14;laion400m_e31": [0.008622633002705125, 0.026648431637693846, 0.03595370181495565, 0.015660029404620118, 0.01164001630250678, 0.010373193879136103, 0.008137104978898736, 0.013515544937789194, 0.020549143393208676, 0.014938181496986941, 0.03496768689675434, 0.03191106549539135, 0.014603266591777304, 0.014768777056065267, 0.014038869931478945, 0.01026292308560816, 0.01306634411139024, 0.03414099606426147], "ViT-B-32;laion400m_e31": [0.021170536597553878, 0.021763462632539775, 0.024001231990741917, 0.019464692324101324, 0.017537809882268617, 0.03486626280334191, 0.026022595345681385, 0.03177251393191395, 0.020815797865146243, 0.03903149103972896, 0.036566236587161176, 0.03663424297977776, 0.03713983763549586, 0.027632604130179126, 0.05615546906253125, 0.04605296059211844, 0.05863957825744836, 0.051809806541386415], "RN50;openai": [0.10670561523437501, 0.07647099609375, 0.033765075683593763, 0.06775899658203124, 0.04670134277343749, 0.0905036376953125, 0.09389927368164062, 0.10218389892578127, 0.1033814453125, 0.11363187255859374, 0.096961962890625, 0.0576569091796875, 0.07998662719726563, 0.07697772216796875, 0.10157216796875, 0.09239666137695314, 0.11868619384765625, 0.1039874267578125], "RN50;yfcc15m": [0.0239904296875, 0.03373930664062501, 0.024315234375000005, 0.12353822631835938, 0.09324739990234374, 0.013376818847656255, 0.023119079589843747, 0.04953022460937499, 0.029132873535156246, 0.045372302246093746, 0.03273502197265626, 0.0397465087890625, 0.07023652343749999, 0.036722497558593754, 0.011393115234375004, 0.02554105224609375, 0.04169345703125, 0.05772362060546876], "RN50;cc12m": [0.020378656005859377, 0.010997320556640622, 0.026951910400390626, 0.03359935302734376, 0.010992132568359368, 0.012406195068359376, 0.01810184326171875, 0.039685021972656255, 0.025799536132812495, 0.026054956054687505, 0.024976049804687504, 0.036425036621093754, 0.020606585693359384, 0.014142663574218747, 0.023419970703125008, 0.007464794921874998, 0.03481981201171874, 0.05936259155273438], "ViT-H-14;laion2b_s32b_b79k": [0.0186583334973237, 0.03377984544513557, 0.037326473957680004, 0.020419788591137415, 0.021852004788369857, 0.02036748679287463, 0.01612636546254013, 0.03339117826726031, 0.012535348118702782, 0.04279697158902205, 0.037238051989720335, 0.05327892446704152, 0.03303289547448941, 0.02882315624490714, 0.03693684708114471, 0.0321783530406463, 0.03417948541711083, 0.028831327641582406]}, "CIFAR10": {"ViT-B-16;laion2b_s34b_b88k": [0.015610924988879012, 0.027404999185953304, 0.020647503136492447, 0.01294737390913758, 0.01610423714370243, 0.0121463045746841, 0.016916633525255534, 0.01090859324661722, 0.022217847480148552, 0.02378950554081931, 0.03927485300760926, 0.02761713650844695, 0.018170546316394316, 0.021487717326621164, 0.02044564180595927, 0.02343312189892705, 0.016867917922543184, 0.01837641784606131], "ViT-L-14;laion2b_s32b_b82k": [0.01389389348423118, 0.021476161658466365, 0.02271645209664852, 0.013271203644823945, 0.014073629208407129, 0.016798325133014397, 0.01466657588810535, 0.013029313933322979, 0.009132127974217953, 0.024401964538455133, 0.03402490739698531, 0.034981429152374816, 0.021323328031240096, 0.021594733721744863, 0.03060934001411605, 0.026820656245167038, 0.021200868171379464, 0.03842368050039392], "ViT-B-32;laion2b_s34b_b79k": [0.012173464413454613, 0.027879095091832663, 0.018510521105434306, 0.01813391764620107, 0.01591966538387835, 0.015164458605707887, 0.012867209467663588, 0.004625789758908733, 0.01132959313439606, 0.0171257532892253, 0.03787736816406252, 0.02287266513946229, 0.024442143826663987, 0.021167613240473292, 0.025829040846129178, 0.020609727557772874, 0.009536503627516535, 0.028985632769009402], "ViT-B-16;openai": [0.04928271484375, 0.04965629356340019, 0.02669047650698128, 0.04524090104322935, 0.03714170568488698, 0.05469953613281248, 0.064748681640625, 0.04184582519531251, 0.08302324373062306, 0.058899963378906274, 0.06089631347656251, 0.045331471343743726, 0.06397539062500003, 0.056503320312500036, 0.05484486083984377, 0.07130649414062498, 0.059801318359375, 0.120521533203125], "ViT-L-14;openai": [0.0534135009765625, 0.05896910551373935, 0.044276538085937525, 0.041621592923189496, 0.03822679068068626, 0.06107457949838574, 0.05815471191406253, 0.0653269287109375, 0.10930082914946196, 0.08241628606219994, 0.06378452482823141, 0.07118338787003706, 0.06503193949336744, 0.05953130084226069, 0.08466088308049555, 0.08246603468940644, 0.08639826660156252, 0.12872561868181362], "ViT-B-32;openai": [0.04447233886718747, 0.036453726292133413, 0.018172638092807756, 0.03735962036157232, 0.010668343575021723, 0.06591694335937501, 0.05278287353515623, 0.040498742675781275, 0.08277485351562501, 0.07314890136718746, 0.07337536621093749, 0.04589700856287515, 0.06031696919691969, 0.03467473685980037, 0.09594713134765626, 0.06849549560546875, 0.05849145507812501, 0.1151217041015625],