{"eces_scaled": [0.03389754011556505, 0.012737784510850891, 0.010760956945270305, 0.01624383146204057, 0.010398364168778075, 0.0165256407830864, 0.013511633350700148, 0.011445558171346784, 0.011046760956197978, 0.012566765653342023, 0.01712716914378103, 0.014270131891220833, 0.014215746916085474, 0.014386670168489187, 0.0134942438725382, 0.017104060925915834, 0.012288676059618578, 0.015409882714599366, 0.0254100653477013], "mces_scaled": [0.10294233996799029, 0.03269036821321891, 0.031618923409170635, 0.06372314890612268, 0.03342114969835441, 0.05482127667906192, 0.05604082899434226, 0.06643329210805171, 0.037017067255844194, 0.053396620113274146, 0.03417079884093255, 0.061519483790585874, 0.05953504229854856, 0.04259686792890231, 0.036209077870545725, 0.05181747664472819, 0.04187790469990835, 0.05485317578433821, 0.05541587377161161], "accs_scaled": [0.641, 0.7035, 0.6935, 0.6833, 0.6913, 0.6902, 0.6987, 0.7032, 0.6953, 0.6872, 0.6924, 0.6816, 0.6754, 0.6903, 0.6887, 0.688, 0.6924, 0.6947, 0.6623], "eces": [0.05765398140996694, 0.10710495156124233, 0.10339086902106998, 0.1155091628073084, 0.11775530788219266, 0.11715380942011394, 0.10606256295591593, 0.10945349876198993, 0.10539998695163419, 0.11913586527082312, 0.10520342443063851, 0.10194831778556113, 0.11771120645678845, 0.11378796248271929, 0.11389829682726146, 0.10361399483680728, 0.10766760403379244, 0.0968107671827078, 0.11870756984427572], "mces": [0.24185169488191605, 0.4250123202800751, 0.18523182975060026, 0.20166078466995085, 0.20578249096870427, 0.20016637921030755, 0.18483887228009466, 0.9030383303761482, 0.19114553769641168, 0.21358362408819942, 0.2047747976935851, 0.17570264001240887, 0.21116632005552283, 0.18827884070539247, 0.22126883361126204, 0.1910535916483045, 0.2077831755162578, 0.24038714170455933, 0.20756893407847876], "accs": [0.6409, 0.7034, 0.6937, 0.6834, 0.6918, 0.6901, 0.6987, 0.7031, 0.6954, 0.6865, 0.692, 0.6815, 0.6753, 0.6904, 0.6887, 0.688, 0.6927, 0.6947, 0.6621], "temps": [1.2773783206939697, 1.5186699628829956, 1.485425591468811, 1.5846703052520752, 1.563356876373291, 1.5716370344161987, 1.4776254892349243, 1.5374290943145752, 1.4979095458984375, 1.5204280614852905, 1.4676491022109985, 1.450696349143982, 1.5611889362335205, 1.5284507274627686, 1.5429766178131104, 1.4142820835113525, 1.507887601852417, 1.423644781112671, 1.3898289203643799]}