{"eces_scaled": [0.1727633274260908, 0.08582604004591705, 0.08182773929685357, 0.0838426508862525, 0.08590433700457215, 0.08467448799461126, 0.08221255313530562, 0.09133391969352961, 0.07927792418114837, 0.06904347200207414, 0.07844815382584924, 0.0813640098620206, 0.08487047384530302, 0.08358320477977396, 0.08592863188460467, 0.06725235509164633, 0.0743764606267214, 0.07879802827127279, 0.06427307638600467], "mces_scaled": [0.26754190799738775, 0.191882098880079, 0.19253839577973914, 0.15840615148818682, 0.15940118347018178, 0.16858525609268865, 0.1427954249526897, 0.16029493101520242, 0.16197218522866874, 0.14196198300101254, 0.15447191392064946, 0.1506741707091746, 0.162207582825589, 0.16641895216525365, 0.1572405477197898, 0.1609678648512911, 0.15906100149137264, 0.18650340342796157, 0.14478698785138805], "accs_scaled": [0.7168, 0.8314, 0.8303, 0.8145, 0.8289, 0.8297, 0.8171, 0.8161, 0.831, 0.815, 0.8217, 0.8158, 0.8051, 0.8198, 0.8214, 0.8093, 0.8193, 0.8218, 0.7856], "eces": [0.02078594669550659, 0.04583224164806306, 0.03833793418630964, 0.03918046739473937, 0.049585607305914145, 0.04388680258095265, 0.049866858044266736, 0.0546950152561069, 0.045236805987358075, 0.05815148393213747, 0.0456457564648241, 0.03683834535181525, 0.03721824252307417, 0.05147909391000867, 0.04594567296355956, 0.048538740640133665, 0.046810120427608494, 0.04028586610853668, 0.05590163606964053], "mces": [0.09264598041772842, 0.13062349994690414, 0.09760796658225124, 0.10402738090072361, 0.13522233285510876, 0.580520287156105, 0.12021703129242245, 0.12311847606019066, 0.12892495422828487, 0.1438766952837196, 0.12691475242436778, 0.08811751779427957, 0.09650053065629016, 0.14940766739161637, 0.24864765753348667, 0.13597358780980906, 0.25574746976296103, 0.08920980872060791, 0.13402160286697495], "accs": [0.7164, 0.8315, 0.8302, 0.8148, 0.829, 0.8295, 0.8172, 0.8161, 0.8308, 0.8149, 0.8216, 0.8158, 0.8052, 0.8198, 0.8212, 0.8094, 0.8195, 0.8215, 0.7856], "temps": [1.5956813097000122, 1.7503905296325684, 1.6365067958831787, 1.6159368753433228, 1.7719860076904297, 1.7053064107894897, 1.7176401615142822, 1.7827504873275757, 1.7082573175430298, 1.724029541015625, 1.640019416809082, 1.5442363023757935, 1.560494065284729, 1.704377293586731, 1.6685868501663208, 1.5642807483673096, 1.6148593425750732, 1.6116375923156738, 1.575881004333496]}