{"eces_scaled": [0.017198478344082873, 0.0048389239385724205, 0.008520199152827295, 0.00669808689355844, 0.009051360471546687, 0.005780044408142546, 0.00556189115941525, 0.005418971426784984, 0.009246250279247706, 0.013813567338883871, 0.010448915037512715, 0.0102886680483818, 0.009675958475470559, 0.013907720656692966, 0.008516322173178204, 0.004651420989632619, 0.011017691321671023, 0.01276818381696937, 0.029425029143691113], "mces_scaled": [0.8186674416065216, 0.1937897875905037, 0.3110145553946495, 0.1908717378973961, 0.14957064390182492, 0.1903072347243627, 0.1952788308262825, 0.05255620114838899, 0.19652090966701508, 0.06354072093963625, 0.19985215365886688, 0.8097158223390579, 0.15533392131328583, 0.1962037980556488, 0.816147580742836, 0.8218398541212082, 0.08418735451996323, 0.1575230062007904, 0.3204536586999893], "accs_scaled": [0.8475, 0.9113, 0.9049, 0.9032, 0.8967, 0.9059, 0.9012, 0.9105, 0.8915, 0.8835, 0.899, 0.8888, 0.8886, 0.8901, 0.8975, 0.8897, 0.9012, 0.881, 0.864], "eces": [0.0321459527775645, 0.03230680394891644, 0.03140085857942069, 0.0341398529872825, 0.04307536998907252, 0.03386774016749192, 0.036624919875862846, 0.03417262441820121, 0.04469043716171574, 0.04757214378668813, 0.03586646946969896, 0.0339363743283293, 0.04277785994493613, 0.045593234851030374, 0.038198900125937976, 0.04012834531467123, 0.03678859969646141, 0.04914228984637842, 0.043377191269397666], "mces": [0.803563728928566, 0.11741103743954517, 0.1423336083299659, 0.13111748472792462, 0.15897270441055297, 0.14757682684740403, 0.11623953428814893, 0.12377279397298602, 0.1564771566126082, 0.19291150298985568, 0.1266160142463697, 0.13219589139651333, 0.17918086051940918, 0.15078546741822385, 0.13335718035496225, 0.1838145971298218, 0.18417636820903188, 0.18149535357952118, 0.8271129429340363], "accs": [0.8477, 0.9113, 0.9048, 0.9031, 0.8965, 0.906, 0.9014, 0.9103, 0.8917, 0.8836, 0.899, 0.8889, 0.8884, 0.8902, 0.8976, 0.8898, 0.9011, 0.8809, 0.8641], "temps": [1.3063914775848389, 1.4599181413650513, 1.45065176486969, 1.4804681539535522, 1.5273492336273193, 1.4644474983215332, 1.4460116624832153, 1.4863662719726562, 1.4734456539154053, 1.388808250427246, 1.3621746301651, 1.4693193435668945, 1.4443566799163818, 1.5254043340682983, 1.4465709924697876, 1.3965002298355103, 1.4169005155563354, 1.4481847286224365, 1.1275067329406738]}