{"eces_scaled": [0.11812154782898722, 0.09057529146187004, 0.0810767973985523, 0.08838797542527319, 0.09157193817533557, 0.09283131338432432, 0.0877836906969547, 0.08063224806375803, 0.0989838750742376, 0.095001308651641, 0.09418018945306539, 0.08674960365779698, 0.09779009323120115, 0.09429222644194961, 0.09605270915776497, 0.09547298509515822, 0.09065343998372556, 0.09548360890001056, 0.09714544564224775], "mces_scaled": [0.20872016903621698, 0.20266188323631412, 0.1687771874211602, 0.20386132894735032, 0.1807765893349157, 0.196367108269974, 0.1980160909730035, 0.1970394530512602, 0.22543371086111952, 0.17722590293261603, 0.20954570292336186, 0.18200933163019106, 0.21691270839768284, 0.23025055823824075, 0.20320764081417653, 0.22338190878251474, 0.18211092229770579, 0.20168274771047123, 0.17712885182556792], "accs_scaled": [0.7415, 0.8471, 0.8454, 0.8394, 0.8462, 0.8417, 0.8408, 0.8454, 0.8487, 0.8197, 0.8246, 0.8341, 0.8283, 0.8365, 0.8356, 0.8304, 0.8324, 0.8206, 0.7821], "eces": [0.05309199597686528, 0.05293288806598295, 0.04487967484705155, 0.047327348015549, 0.052783112981176966, 0.05436430665325843, 0.05509505246264158, 0.05769442502654393, 0.043524343315118896, 0.06831750193786353, 0.05074592462703589, 0.050676554298400914, 0.04450808278843768, 0.052265860609710196, 0.05374936559925391, 0.05373949704348598, 0.05583495970028188, 0.05494920655314545, 0.07263469665568997], "mces": [0.10787920624063496, 0.1859105667828458, 0.12886030002876558, 0.12215258983465349, 0.14532080455259844, 0.1666472227630501, 0.17323476915628144, 0.17666092976840608, 0.15371482343860965, 0.20899345386359425, 0.1600004714411991, 0.13497120259366358, 0.11625131685073642, 0.14113592041288692, 0.13298677557085192, 0.1513975885204928, 0.15944707048711954, 0.15313528665427956, 0.9053456112742424], "accs": [0.7416, 0.8472, 0.8458, 0.8394, 0.8461, 0.8418, 0.8406, 0.8452, 0.8487, 0.8198, 0.8246, 0.8339, 0.8283, 0.8364, 0.8358, 0.8304, 0.8325, 0.8203, 0.7822], "temps": [1.6270804405212402, 1.911351203918457, 1.7580382823944092, 1.765360713005066, 1.8980062007904053, 1.8863588571548462, 1.8836579322814941, 1.8670322895050049, 1.870221734046936, 1.9641700983047485, 1.7464587688446045, 1.7404536008834839, 1.7051997184753418, 1.8034559488296509, 1.8340262174606323, 1.779589295387268, 1.7777173519134521, 1.8022632598876953, 1.8109194040298462]}