{"eces_scaled": [0.10781776466965673, 0.037247320926189424, 0.039721168624982206, 0.045773580018058424, 0.042197021687403316, 0.040652024977281695, 0.04465968301855031, 0.04505218007974325, 0.03806434269547462, 0.022379912715405254, 0.037007319417223315, 0.03465357538945975, 0.044871589789167075, 0.04748153249248862, 0.04416290572993458, 0.03923735853321848, 0.050026772160455625, 0.046978529317676994, 0.02339807239174842], "mces_scaled": [0.16770833723524992, 0.0770374799303234, 0.09656438493072064, 0.09035829933541434, 0.1006305187839229, 0.09739009876035704, 0.08506822323740837, 0.10066240822396633, 0.11880187524689567, 0.04260694000142562, 0.0890835243242758, 0.07735073955308469, 0.08662262674872878, 0.10043004916220694, 0.09117492886188033, 0.07241432939595838, 0.09361029889817551, 0.09746593111479768, 0.06063884271549658], "accs_scaled": [0.6479, 0.7573, 0.7535, 0.7409, 0.7503, 0.7465, 0.7449, 0.7542, 0.7539, 0.7276, 0.7467, 0.7427, 0.7303, 0.7378, 0.7365, 0.7382, 0.7475, 0.749, 0.7161], "eces": [0.029628258146345645, 0.07178765114694834, 0.05087317515462639, 0.06466276327760015, 0.06640550757497551, 0.07205845285579564, 0.06457460078820593, 0.06853243926167488, 0.07218737982288001, 0.09061454908996822, 0.06859275659471749, 0.04175509586967527, 0.0639191971644759, 0.06129404364451764, 0.07024250221773978, 0.05352890736311669, 0.054952531114965696, 0.05964658091217282, 0.07254488076344127], "mces": [0.05746564575798785, 0.1474741258412925, 0.14332392124029308, 0.12212812293390307, 0.13590412446141498, 0.1663869454860688, 0.1239528138365521, 0.13149645638898244, 0.14871840689393034, 0.17208312170373063, 0.16067097706297423, 0.09409925619868686, 0.13537805179321094, 0.11359814546726366, 0.17242951697316655, 0.16257670149207115, 0.10897537087260534, 0.11997573397546535, 0.13572733768761347], "accs": [0.6486, 0.7577, 0.7535, 0.7409, 0.7502, 0.7465, 0.745, 0.7542, 0.7541, 0.7277, 0.7466, 0.7427, 0.7302, 0.7379, 0.7364, 0.7384, 0.748, 0.7491, 0.7158], "temps": [1.4179973602294922, 1.5438144207000732, 1.3956224918365479, 1.4936796426773071, 1.4961966276168823, 1.5247447490692139, 1.489894986152649, 1.5313787460327148, 1.5316097736358643, 1.5417536497116089, 1.4635837078094482, 1.2954808473587036, 1.4541069269180298, 1.4463344812393188, 1.492663860321045, 1.3716607093811035, 1.4273146390914917, 1.4680105447769165, 1.3841971158981323]}